sector,avg_return
Realty,0.222528
Infra,0.129658
Energy,0.125884
Auto,0.120116
Pharma,0.116899
IT,0.105363
Metal,0.092810
Banking,0.044416
FMCG,0.029689
Media,-0.026458
